x,ENVTYPE,EnvTypeGroup
366 AVALANCE,AVALANCE,Avalanche
73 AVALANCHE,AVALANCHE,Avalanche
487 HEAVY SNOW/BLIZZARD/AVALANCHE,HEAVY SNOW/BLIZZARD/AVALANCHE,Avalanche
47 BLIZZARD,BLIZZARD,Blizzard
350 BLIZZARD AND EXTREME WIND CHIL,BLIZZARD AND EXTREME WIND CHIL,Blizzard
345 BLIZZARD AND HEAVY SNOW,BLIZZARD AND HEAVY SNOW,Blizzard
822 Blizzard Summary,Blizzard Summary,Blizzard
48 BLIZZARD WEATHER,BLIZZARD WEATHER,Blizzard
335 BLIZZARD/FREEZING RAIN,BLIZZARD/FREEZING RAIN,Blizzard
160 BLIZZARD/HEAVY SNOW,BLIZZARD/HEAVY SNOW,Blizzard
66 BLIZZARD/HIGH WIND,BLIZZARD/HIGH WIND,Blizzard
367 BLIZZARD/WINTER STORM,BLIZZARD/WINTER STORM,Blizzard
112 BLOWING DUST,BLOWING DUST,Blizzard
162 BLOWING SNOW,BLOWING SNOW,Blizzard
267 GROUND BLIZZARD,GROUND BLIZZARD,Blizzard
64 HIGH WIND/ BLIZZARD,HIGH WIND/ BLIZZARD,Blizzard
51 HIGH WIND/BLIZZARD,HIGH WIND/BLIZZARD,Blizzard
57 HIGH WIND/BLIZZARD/FREEZING RA,HIGH WIND/BLIZZARD/FREEZING RA,Blizzard
958    HIGH SURF ADVISORY,   HIGH SURF ADVISORY,Coastal Flooding
676  COASTAL FLOOD, COASTAL FLOOD,Coastal Flooding
962 ASTRONOMICAL HIGH TIDE,ASTRONOMICAL HIGH TIDE,Coastal Flooding
494 BEACH EROSIN,BEACH EROSIN,Coastal Flooding
631 Beach Erosion,Beach Erosion,Coastal Flooding
843 BEACH EROSION,BEACH EROSION,Coastal Flooding
512 BEACH EROSION/COASTAL FLOOD,BEACH EROSION/COASTAL FLOOD,Coastal Flooding
543 BEACH FLOOD,BEACH FLOOD,Coastal Flooding
812 BLOW-OUT TIDE,BLOW-OUT TIDE,Coastal Flooding
791 BLOW-OUT TIDES,BLOW-OUT TIDES,Coastal Flooding
871 COASTAL  FLOODING/EROSION,COASTAL  FLOODING/EROSION,Coastal Flooding
865 COASTAL EROSION,COASTAL EROSION,Coastal Flooding
55 COASTAL FLOOD,COASTAL FLOOD,Coastal Flooding
763 Coastal Flood,Coastal Flood,Coastal Flooding
181 COASTAL FLOODING,COASTAL FLOODING,Coastal Flooding
618 Coastal Flooding,Coastal Flooding,Coastal Flooding
764 coastal flooding,coastal flooding,Coastal Flooding
848 COASTAL FLOODING/EROSION,COASTAL FLOODING/EROSION,Coastal Flooding
621 COASTAL STORM,COASTAL STORM,Coastal Flooding
653 Coastal Storm,Coastal Storm,Coastal Flooding
322 COASTAL SURGE,COASTAL SURGE,Coastal Flooding
403 COASTAL/TIDAL FLOOD,COASTAL/TIDAL FLOOD,Coastal Flooding
622 COASTALFLOOD,COASTALFLOOD,Coastal Flooding
818 COASTALSTORM,COASTALSTORM,Coastal Flooding
937 CSTL FLOODING/EROSION,CSTL FLOODING/EROSION,Coastal Flooding
623 Erosion/Cstl Flood,Erosion/Cstl Flood,Coastal Flooding
959 HAZARDOUS SURF,HAZARDOUS SURF,Coastal Flooding
108 HEAVY SURF,HEAVY SURF,Coastal Flooding
611 Heavy Surf,Heavy Surf,Coastal Flooding
834 Heavy surf and wind,Heavy surf and wind,Coastal Flooding
107 HEAVY SURF COASTAL FLOODING,HEAVY SURF COASTAL FLOODING,Coastal Flooding
974 HEAVY SURF/HIGH SURF,HEAVY SURF/HIGH SURF,Coastal Flooding
590 HEAVY SWELLS,HEAVY SWELLS,Coastal Flooding
84 HIGH SEAS,HIGH SEAS,Coastal Flooding
111 HIGH SURF,HIGH SURF,Coastal Flooding
635 High Surf,High Surf,Coastal Flooding
972 HIGH SURF ADVISORIES,HIGH SURF ADVISORIES,Coastal Flooding
930 HIGH SURF ADVISORY,HIGH SURF ADVISORY,Coastal Flooding
58 HIGH TIDES,HIGH TIDES,Coastal Flooding
477 HIGH WATER,HIGH WATER,Coastal Flooding
56 HIGH WIND AND HIGH TIDES,HIGH WIND AND HIGH TIDES,Coastal Flooding
82 HIGH WIND/SEAS,HIGH WIND/SEAS,Coastal Flooding
325 HIGH WINDS/COASTAL FLOOD,HIGH WINDS/COASTAL FLOOD,Coastal Flooding
204 STORM SURGE,STORM SURGE,Coastal Flooding
976 STORM SURGE/TIDE,STORM SURGE/TIDE,Coastal Flooding
493 TIDAL FLOOD,TIDAL FLOOD,Coastal Flooding
628 Tidal Flooding,Tidal Flooding,Coastal Flooding
656 TIDAL FLOODING,TIDAL FLOODING,Coastal Flooding
306 AGRICULTURAL FREEZE,AGRICULTURAL FREEZE,Cold
867 BITTER WIND CHILL,BITTER WIND CHILL,Cold
868 BITTER WIND CHILL TEMPERATURES,BITTER WIND CHILL TEMPERATURES,Cold
37 COLD,COLD,Cold
755 Cold,Cold,Cold
808 Cold and Frost,Cold and Frost,Cold
836 COLD AND FROST,COLD AND FROST,Cold
786 COLD AND SNOW,COLD AND SNOW,Cold
253 COLD AND WET CONDITIONS,COLD AND WET CONDITIONS,Cold
777 Cold Temperature,Cold Temperature,Cold
860 COLD TEMPERATURES,COLD TEMPERATURES,Cold
244 COLD WAVE,COLD WAVE,Cold
518 COLD WEATHER,COLD WEATHER,Cold
861 COLD WIND CHILL TEMPERATURES,COLD WIND CHILL TEMPERATURES,Cold
977 COLD/WIND CHILL,COLD/WIND CHILL,Cold
513 COLD/WINDS,COLD/WINDS,Cold
237 COOL AND WET,COOL AND WET,Cold
883 COOL SPELL,COOL SPELL,Cold
222 DAMAGING FREEZE,DAMAGING FREEZE,Cold
630 Damaging Freeze,Damaging Freeze,Cold
521 EARLY FREEZE,EARLY FREEZE,Cold
526 EARLY FROST,EARLY FROST,Cold
640 Early Frost,Early Frost,Cold
647 Excessive Cold,Excessive Cold,Cold
665 Extended Cold,Extended Cold,Cold
43 EXTREME COLD,EXTREME COLD,Cold
645 Extreme Cold,Extreme Cold,Cold
967 EXTREME COLD/WIND CHILL,EXTREME COLD/WIND CHILL,Cold
252 EXTREME WIND CHILL,EXTREME WIND CHILL,Cold
523 EXTREME WIND CHILL/BLOWING SNO,EXTREME WIND CHILL/BLOWING SNO,Cold
236 EXTREME WIND CHILLS,EXTREME WIND CHILLS,Cold
599 EXTREME WINDCHILL,EXTREME WINDCHILL,Cold
895 EXTREME WINDCHILL TEMPERATURES,EXTREME WINDCHILL TEMPERATURES,Cold
190 EXTREME/RECORD COLD,EXTREME/RECORD COLD,Cold
887 FIRST FROST,FIRST FROST,Cold
417 FOG AND COLD TEMPERATURES,FOG AND COLD TEMPERATURES,Cold
54 FREEZE,FREEZE,Cold
616 Freeze,Freeze,Cold
231 FROST,FROST,Cold
803 Frost,Frost,Cold
804 Frost/Freeze,Frost/Freeze,Cold
960 FROST/FREEZE,FROST/FREEZE,Cold
372 FROST\FREEZE,FROST\FREEZE,Cold
383 HARD FREEZE,HARD FREEZE,Cold
67 HIGH WIND/LOW WIND CHILL,HIGH WIND/LOW WIND CHILL,Cold
77 HIGH WIND/WIND CHILL,HIGH WIND/WIND CHILL,Cold
76 HIGH WIND/WIND CHILL/BLIZZARD,HIGH WIND/WIND CHILL/BLIZZARD,Cold
70 HIGH WINDS AND WIND CHILL,HIGH WINDS AND WIND CHILL,Cold
873 HYPERTHERMIA/EXPOSURE,HYPERTHERMIA/EXPOSURE,Cold
505 HYPOTHERMIA,HYPOTHERMIA,Cold
813 Hypothermia/Exposure,Hypothermia/Exposure,Cold
814 HYPOTHERMIA/EXPOSURE,HYPOTHERMIA/EXPOSURE,Cold
811 LATE FREEZE,LATE FREEZE,Cold
497 LOW TEMPERATURE,LOW TEMPERATURE,Cold
72 LOW TEMPERATURE RECORD,LOW TEMPERATURE RECORD,Cold
351 LOW WIND CHILL,LOW WIND CHILL,Cold
296 PROLONG COLD,PROLONG COLD,Cold
807 Prolong Cold,Prolong Cold,Cold
569 PROLONG COLD/SNOW,PROLONG COLD/SNOW,Cold
903 RECORD  COLD,RECORD  COLD,Cold
11 RECORD COLD,RECORD COLD,Cold
644 Record Cold,Record Cold,Cold
60 RECORD COLD AND HIGH WIND,RECORD COLD AND HIGH WIND,Cold
464 RECORD COLD/FROST,RECORD COLD/FROST,Cold
877 RECORD COOL,RECORD COOL,Cold
69 RECORD LOW,RECORD LOW,Cold
242 SEVERE COLD,SEVERE COLD,Cold
604 Temperature record,Temperature record,Cold
639 Unseasonable Cold,Unseasonable Cold,Cold
189 UNSEASONABLY COLD,UNSEASONABLY COLD,Cold
792 UNSEASONABLY COOL,UNSEASONABLY COOL,Cold
916 UNSEASONABLY COOL & WET,UNSEASONABLY COOL & WET,Cold
929 UNSEASONAL LOW TEMP,UNSEASONAL LOW TEMP,Cold
921 UNUSUALLY COLD,UNUSUALLY COLD,Cold
49 WIND CHILL,WIND CHILL,Cold
75 WIND CHILL/HIGH WIND,WIND CHILL/HIGH WIND,Cold
787 DAM BREAK,DAM BREAK,Dam Failure
457 DAM FAILURE,DAM FAILURE,Dam Failure
933 ABNORMALLY DRY,ABNORMALLY DRY,Drought
405 BELOW NORMAL PRECIPITATION,BELOW NORMAL PRECIPITATION,Drought
902 DRIEST MONTH,DRIEST MONTH,Drought
194 DROUGHT,DROUGHT,Drought
307 DROUGHT/EXCESSIVE HEAT,DROUGHT/EXCESSIVE HEAT,Drought
197 DRY,DRY,Drought
897 DRY CONDITIONS,DRY CONDITIONS,Drought
576 DRY PATTERN,DRY PATTERN,Drought
841 DRY SPELL,DRY SPELL,Drought
855 DRY WEATHER,DRY WEATHER,Drought
906 DRYNESS,DRYNESS,Drought
955 EXCESSIVE HEAT/DROUGHT,EXCESSIVE HEAT/DROUGHT,Drought
888 EXCESSIVELY DRY,EXCESSIVELY DRY,Drought
551 HEAT DROUGHT,HEAT DROUGHT,Drought
486 HEAT WAVE DROUGHT,HEAT WAVE DROUGHT,Drought
603 Record dry month,Record dry month,Drought
894 RECORD DRYNESS,RECORD DRYNESS,Drought
944 RECORD LOW RAINFALL,RECORD LOW RAINFALL,Drought
185 UNSEASONABLY DRY,UNSEASONABLY DRY,Drought
943 VERY DRY,VERY DRY,Drought
317 WARM DRY CONDITIONS,WARM DRY CONDITIONS,Drought
969 DROWNING,DROWNING,Drowning
949 DUST DEVEL,DUST DEVEL,Dust Storm
98 DUST DEVIL,DUST DEVIL,Dust Storm
612 Dust Devil,Dust Devil,Dust Storm
340 DUST DEVIL WATERSPOUT,DUST DEVIL WATERSPOUT,Dust Storm
92 DUST STORM,DUST STORM,Dust Storm
368 DUST STORM/HIGH WINDS,DUST STORM/HIGH WINDS,Dust Storm
562 DUSTSTORM,DUSTSTORM,Dust Storm
118 HIGH WINDS DUST STORM,HIGH WINDS DUST STORM,Dust Storm
587 SAHARAN DUST,SAHARAN DUST,Dust Storm
781 Saharan Dust,Saharan Dust,Dust Storm
584 BRUSH FIRE,BRUSH FIRE,Fire
570 BRUSH FIRES,BRUSH FIRES,Fire
980 DENSE SMOKE,DENSE SMOKE,Fire
370 FOREST FIRES,FOREST FIRES,Fire
294 GRASS FIRES,GRASS FIRES,Fire
886 RED FLAG FIRE WX,RED FLAG FIRE WX,Fire
938 SMOKE,SMOKE,Fire
114 WILD FIRES,WILD FIRES,Fire
227 WILD/FOREST FIRE,WILD/FOREST FIRE,Fire
560 WILD/FOREST FIRES,WILD/FOREST FIRES,Fire
221 WILDFIRE,WILDFIRE,Fire
387 WILDFIRES,WILDFIRES,Fire
926  FLASH FLOOD, FLASH FLOOD,Flooding
50 BREAKUP FLOODING,BREAKUP FLOODING,Flooding
20 FLASH FLOOD,FLASH FLOOD,Flooding
452 FLASH FLOOD - HEAVY RAIN,FLASH FLOOD - HEAVY RAIN,Flooding
421 FLASH FLOOD FROM ICE JAMS,FLASH FLOOD FROM ICE JAMS,Flooding
134 FLASH FLOOD WINDS,FLASH FLOOD WINDS,Flooding
143 FLASH FLOOD/,FLASH FLOOD/,Flooding
506 FLASH FLOOD/ FLOOD,FLASH FLOOD/ FLOOD,Flooding
454 FLASH FLOOD/ STREET,FLASH FLOOD/ STREET,Flooding
407 FLASH FLOOD/FLOOD,FLASH FLOOD/FLOOD,Flooding
473 FLASH FLOOD/HEAVY RAIN,FLASH FLOOD/HEAVY RAIN,Flooding
21 FLASH FLOODING,FLASH FLOODING,Flooding
535 FLASH FLOODING/FLOOD,FLASH FLOODING/FLOOD,Flooding
39 FLASH FLOODING/THUNDERSTORM WI,FLASH FLOODING/THUNDERSTORM WI,Flooding
97 FLASH FLOODS,FLASH FLOODS,Flooding
538 FLASH FLOOODING,FLASH FLOOODING,Flooding
36 FLOOD,FLOOD,Flooding
654 Flood,Flood,Flooding
563 FLOOD & HEAVY RAIN,FLOOD & HEAVY RAIN,Flooding
478 FLOOD FLASH,FLOOD FLASH,Flooding
482 FLOOD FLOOD/FLASH,FLOOD FLOOD/FLASH,Flooding
80 FLOOD WATCH/,FLOOD WATCH/,Flooding
496 FLOOD/FLASH,FLOOD/FLASH,Flooding
129 FLOOD/FLASH FLOOD,FLOOD/FLASH FLOOD,Flooding
633 Flood/Flash Flood,Flood/Flash Flood,Flooding
398 FLOOD/FLASH FLOODING,FLOOD/FLASH FLOODING,Flooding
907 FLOOD/FLASH/FLOOD,FLOOD/FLASH/FLOOD,Flooding
566 FLOOD/FLASHFLOOD,FLOOD/FLASHFLOOD,Flooding
146 FLOOD/RAIN/WIND,FLOOD/RAIN/WIND,Flooding
130 FLOOD/RAIN/WINDS,FLOOD/RAIN/WINDS,Flooding
359 FLOOD/RIVER FLOOD,FLOOD/RIVER FLOOD,Flooding
828 Flood/Strong Wind,Flood/Strong Wind,Flooding
34 FLOODING,FLOODING,Flooding
105 FLOODING/HEAVY RAIN,FLOODING/HEAVY RAIN,Flooding
235 FLOODS,FLOODS,Flooding
196 HIGH WINDS/FLOODING,HIGH WINDS/FLOODING,Flooding
503 HIGHWAY FLOODING,HIGHWAY FLOODING,Flooding
295 LAKE FLOOD,LAKE FLOOD,Flooding
981 LAKESHORE FLOOD,LAKESHORE FLOOD,Flooding
396 LOCAL FLASH FLOOD,LOCAL FLASH FLOOD,Flooding
120 LOCAL FLOOD,LOCAL FLOOD,Flooding
268 MAJOR FLOOD,MAJOR FLOOD,Flooding
324 MINOR FLOOD,MINOR FLOOD,Flooding
214 MINOR FLOODING,MINOR FLOODING,Flooding
605 Minor Flooding,Minor Flooding,Flooding
519 RAPIDLY RISING WATER,RAPIDLY RISING WATER,Flooding
320 RIVER AND STREAM FLOOD,RIVER AND STREAM FLOOD,Flooding
52 RIVER FLOOD,RIVER FLOOD,Flooding
327 RIVER FLOODING,RIVER FLOODING,Flooding
629 River Flooding,River Flooding,Flooding
248 RURAL FLOOD,RURAL FLOOD,Flooding
593 SMALL STREAM,SMALL STREAM,Flooding
249 SMALL STREAM AND,SMALL STREAM AND,Flooding
246 SMALL STREAM AND URBAN FLOOD,SMALL STREAM AND URBAN FLOOD,Flooding
239 SMALL STREAM AND URBAN FLOODIN,SMALL STREAM AND URBAN FLOODIN,Flooding
275 SMALL STREAM FLOOD,SMALL STREAM FLOOD,Flooding
228 SMALL STREAM FLOODING,SMALL STREAM FLOODING,Flooding
152 SMALL STREAM URBAN FLOOD,SMALL STREAM URBAN FLOOD,Flooding
240 SMALL STREAM/URBAN FLOOD,SMALL STREAM/URBAN FLOOD,Flooding
778 Sml Stream Fld,Sml Stream Fld,Flooding
527 SNOWMELT FLOODING,SNOWMELT FLOODING,Flooding
139 STREAM FLOODING,STREAM FLOODING,Flooding
273 STREET FLOOD,STREET FLOOD,Flooding
643 STREET FLOODING,STREET FLOODING,Flooding
140 URBAN AND SMALL,URBAN AND SMALL,Flooding
220 URBAN AND SMALL STREAM,URBAN AND SMALL STREAM,Flooding
219 URBAN AND SMALL STREAM FLOOD,URBAN AND SMALL STREAM FLOOD,Flooding
302 URBAN AND SMALL STREAM FLOODIN,URBAN AND SMALL STREAM FLOODIN,Flooding
173 URBAN FLOOD,URBAN FLOOD,Flooding
753 Urban flood,Urban flood,Flooding
754 Urban Flood,Urban Flood,Flooding
589 URBAN FLOOD LANDSLIDE,URBAN FLOOD LANDSLIDE,Flooding
110 URBAN FLOODING,URBAN FLOODING,Flooding
751 Urban Flooding,Urban Flooding,Flooding
592 URBAN FLOODS,URBAN FLOODS,Flooding
591 URBAN SMALL,URBAN SMALL,Flooding
586 URBAN SMALL STREAM FLOOD,URBAN SMALL STREAM FLOOD,Flooding
113 URBAN/SMALL,URBAN/SMALL,Flooding
116 URBAN/SMALL FLOODING,URBAN/SMALL FLOODING,Flooding
354 URBAN/SMALL STREAM,URBAN/SMALL STREAM,Flooding
216 URBAN/SMALL STREAM  FLOOD,URBAN/SMALL STREAM  FLOOD,Flooding
203 URBAN/SMALL STREAM FLOOD,URBAN/SMALL STREAM FLOOD,Flooding
135 URBAN/SMALL STREAM FLOODING,URBAN/SMALL STREAM FLOODING,Flooding
833 URBAN/SMALL STRM FLDG,URBAN/SMALL STRM FLDG,Flooding
600 URBAN/SML STREAM FLD,URBAN/SML STREAM FLD,Flooding
809 URBAN/SML STREAM FLDG,URBAN/SML STREAM FLDG,Flooding
864 URBAN/STREET FLOODING,URBAN/STREET FLOODING,Flooding
17 DENSE FOG,DENSE FOG,Fog
276 FOG,FOG,Fog
876 PATCHY DENSE FOG,PATCHY DENSE FOG,Fog
363 DEEP HAIL,DEEP HAIL,Hail
3 HAIL,HAIL,Hail
286 HAIL 0.75,HAIL 0.75,Hail
358 HAIL 0.88,HAIL 0.88,Hail
379 HAIL 075,HAIL 075,Hail
459 HAIL 088,HAIL 088,Hail
289 HAIL 1.00,HAIL 1.00,Hail
298 HAIL 1.75,HAIL 1.75,Hail
44 HAIL 1.75),HAIL 1.75),Hail
377 HAIL 100,HAIL 100,Hail
381 HAIL 125,HAIL 125,Hail
378 HAIL 150,HAIL 150,Hail
375 HAIL 175,HAIL 175,Hail
384 HAIL 200,HAIL 200,Hail
344 HAIL 225,HAIL 225,Hail
536 HAIL 275,HAIL 275,Hail
537 HAIL 450,HAIL 450,Hail
169 HAIL 75,HAIL 75,Hail
251 HAIL 80,HAIL 80,Hail
374 HAIL 88,HAIL 88,Hail
520 HAIL ALOFT,HAIL ALOFT,Hail
413 HAIL DAMAGE,HAIL DAMAGE,Hail
391 HAIL FLOODING,HAIL FLOODING,Hail
95 HAIL STORM,HAIL STORM,Hail
749 Hail(0.75),Hail(0.75),Hail
472 HAIL/ICY ROADS,HAIL/ICY ROADS,Hail
297 HAIL/WIND,HAIL/WIND,Hail
290 HAIL/WINDS,HAIL/WINDS,Hail
541 HAILSTORM,HAILSTORM,Hail
544 HAILSTORMS,HAILSTORMS,Hail
904 LATE SEASON HAIL,LATE SEASON HAIL,Hail
971 MARINE HAIL,MARINE HAIL,Hail
919 NON SEVERE HAIL,NON SEVERE HAIL,Hail
224 SMALL HAIL,SMALL HAIL,Hail
681 small hail,small hail,Hail
765 Small Hail,Small Hail,Hail
458 THUNDERSTORM HAIL,THUNDERSTORM HAIL,Hail
856 ABNORMAL WARMTH,ABNORMAL WARMTH,Heat
517 DRY HOT WEATHER,DRY HOT WEATHER,Heat
99 EXCESSIVE HEAT,EXCESSIVE HEAT,Heat
90 EXTREME HEAT,EXTREME HEAT,Heat
27 HEAT,HEAT,Heat
182 HEAT WAVE,HEAT WAVE,Heat
779 Heat Wave,Heat Wave,Heat
410 HEAT WAVES,HEAT WAVES,Heat
550 HEAT/DROUGHT,HEAT/DROUGHT,Heat
705 Heatburst,Heatburst,Heat
79 HIGH TEMPERATURE RECORD,HIGH TEMPERATURE RECORD,Heat
632 Hot and Dry,Hot and Dry,Heat
568 HOT PATTERN,HOT PATTERN,Heat
849 HOT SPELL,HOT SPELL,Heat
879 HOT WEATHER,HOT WEATHER,Heat
575 HOT/DRY PATTERN,HOT/DRY PATTERN,Heat
946 PROLONG WARMTH,PROLONG WARMTH,Heat
180 RECORD HEAT,RECORD HEAT,Heat
774 Record Heat,Record Heat,Heat
388 RECORD HEAT WAVE,RECORD HEAT WAVE,Heat
62 RECORD HIGH,RECORD HIGH,Heat
817 Record High,Record High,Heat
61 RECORD HIGH TEMPERATURE,RECORD HIGH TEMPERATURE,Heat
81 RECORD HIGH TEMPERATURES,RECORD HIGH TEMPERATURES,Heat
677 Record temperature,Record temperature,Heat
880 RECORD TEMPERATURE,RECORD TEMPERATURE,Heat
415 RECORD TEMPERATURES,RECORD TEMPERATURES,Heat
766 Record Temperatures,Record Temperatures,Heat
878 RECORD WARM,RECORD WARM,Heat
661 RECORD WARM TEMPS.,RECORD WARM TEMPS.,Heat
88 RECORD WARMTH,RECORD WARMTH,Heat
806 Record Warmth,Record Warmth,Heat
409 RECORD/EXCESSIVE HEAT,RECORD/EXCESSIVE HEAT,Heat
935 RED FLAG CRITERIA,RED FLAG CRITERIA,Heat
850 UNSEASONABLY HOT,UNSEASONABLY HOT,Heat
193 UNSEASONABLY WARM,UNSEASONABLY WARM,Heat
925 UNSEASONABLY WARM & WET,UNSEASONABLY WARM & WET,Heat
490 UNSEASONABLY WARM AND DRY,UNSEASONABLY WARM AND DRY,Heat
872 UNSEASONABLY WARM YEAR,UNSEASONABLY WARM YEAR,Heat
915 UNSEASONABLY WARM/WET,UNSEASONABLY WARM/WET,Heat
857 UNUSUAL WARMTH,UNUSUAL WARMTH,Heat
866 UNUSUAL/RECORD WARMTH,UNUSUAL/RECORD WARMTH,Heat
917 UNUSUALLY WARM,UNUSUALLY WARM,Heat
964 VERY WARM,VERY WARM,Heat
922 WARM WEATHER,WARM WEATHER,Heat
561 HEAVY SEAS,HEAVY SEAS,Heavy Seas
839 HIGH  SWELLS,HIGH  SWELLS,Heavy Seas
838 HIGH SWELLS,HIGH SWELLS,Heavy Seas
330 HIGH WAVES,HIGH WAVES,Heavy Seas
554 HIGH WIND AND SEAS,HIGH WIND AND SEAS,Heavy Seas
945 ROGUE WAVE,ROGUE WAVE,Heavy Seas
914 ROUGH SEAS,ROUGH SEAS,Heavy Seas
609 ROUGH SURF,ROUGH SURF,Heavy Seas
226 HURRICANE,HURRICANE,Hurricane
652 Hurricane Edouard,Hurricane Edouard,Hurricane
444 HURRICANE EMILY,HURRICANE EMILY,Hurricane
12 HURRICANE ERIN,HURRICANE ERIN,Hurricane
446 HURRICANE FELIX,HURRICANE FELIX,Hurricane
445 HURRICANE GORDON,HURRICANE GORDON,Hurricane
13 HURRICANE OPAL,HURRICANE OPAL,Hurricane
9 HURRICANE OPAL/HIGH WINDS,HURRICANE OPAL/HIGH WINDS,Hurricane
973 HURRICANE/TYPHOON,HURRICANE/TYPHOON,Hurricane
318 HURRICANE-GENERATED SWELLS,HURRICANE-GENERATED SWELLS,Hurricane
898 REMNANTS OF FLOYD,REMNANTS OF FLOYD,Hurricane
837 TYPHOON,TYPHOON,Hurricane
430 LACK OF SNOW,LACK OF SNOW,Lack of Snow
598 FLASH FLOOD LANDSLIDES,FLASH FLOOD LANDSLIDES,Landslide
595 FLASH FLOOD/LANDSLIDE,FLASH FLOOD/LANDSLIDE,Landslide
553 LANDSLIDE,LANDSLIDE,Landslide
596 LANDSLIDE/URBAN FLOOD,LANDSLIDE/URBAN FLOOD,Landslide
579 LANDSLIDES,LANDSLIDES,Landslide
650 Landslump,Landslump,Landslide
923 LANDSLUMP,LANDSLUMP,Landslide
229 MUD SLIDE,MUD SLIDE,Landslide
250 MUD SLIDES,MUD SLIDES,Landslide
360 MUD SLIDES URBAN FLOODING,MUD SLIDES URBAN FLOODING,Landslide
510 MUD/ROCK SLIDE,MUD/ROCK SLIDE,Landslide
423 MUDSLIDE,MUDSLIDE,Landslide
663 Mudslide,Mudslide,Landslide
780 MUDSLIDE/LANDSLIDE,MUDSLIDE/LANDSLIDE,Landslide
122 MUDSLIDES,MUDSLIDES,Landslide
685 Mudslides,Mudslides,Landslide
874 ROCK SLIDE,ROCK SLIDE,Landslide
842  LIGHTNING, LIGHTNING,Lightning
29 LIGHTING,LIGHTING,Lightning
15 LIGHTNING,LIGHTNING,Lightning
461 LIGHTNING  WAUSEON,LIGHTNING  WAUSEON,Lightning
31 LIGHTNING AND HEAVY RAIN,LIGHTNING AND HEAVY RAIN,Lightning
217 LIGHTNING AND THUNDERSTORM WIN,LIGHTNING AND THUNDERSTORM WIN,Lightning
416 LIGHTNING AND WINDS,LIGHTNING AND WINDS,Lightning
414 LIGHTNING DAMAGE,LIGHTNING DAMAGE,Lightning
334 LIGHTNING FIRE,LIGHTNING FIRE,Lightning
215 LIGHTNING INJURY,LIGHTNING INJURY,Lightning
212 LIGHTNING THUNDERSTORM WINDS,LIGHTNING THUNDERSTORM WINDS,Lightning
167 LIGHTNING THUNDERSTORM WINDSS,LIGHTNING THUNDERSTORM WINDSS,Lightning
316 LIGHTNING.,LIGHTNING.,Lightning
45 LIGHTNING/HEAVY RAIN,LIGHTNING/HEAVY RAIN,Lightning
230 LIGNTNING,LIGNTNING,Lightning
984 ASTRONOMICAL LOW TIDE,ASTRONOMICAL LOW TIDE,Low Tide
614 Marine Accident,Marine Accident,Marine Mishap
74 MARINE MISHAP,MARINE MISHAP,Marine Mishap
835 Mild and Dry Pattern,Mild and Dry Pattern,Mild
578 MILD PATTERN,MILD PATTERN,Mild
577 MILD/DRY PATTERN,MILD/DRY PATTERN,Mild
893 MONTHLY TEMPERATURE,MONTHLY TEMPERATURE,Mild
752 No Severe Weather,No Severe Weather,Mild
785 NONE,NONE,Mild
956 NORTHERN LIGHTS,NORTHERN LIGHTS,Northern Lights
965 ABNORMALLY WET,ABNORMALLY WET,Rain
845 EARLY RAIN,EARLY RAIN,Rain
573 EXCESSIVE PRECIPITATION,EXCESSIVE PRECIPITATION,Rain
408 EXCESSIVE RAIN,EXCESSIVE RAIN,Rain
539 EXCESSIVE RAINFALL,EXCESSIVE RAINFALL,Rain
254 EXCESSIVE WETNESS,EXCESSIVE WETNESS,Rain
941 EXTREMELY WET,EXTREMELY WET,Rain
109 HEAVY PRECIPATATION,HEAVY PRECIPATATION,Rain
475 HEAVY PRECIPITATION,HEAVY PRECIPITATION,Rain
675 Heavy Precipitation,Heavy Precipitation,Rain
14 HEAVY RAIN,HEAVY RAIN,Rain
619 Heavy Rain,Heavy Rain,Rain
671 Heavy rain,Heavy rain,Rain
395 HEAVY RAIN AND FLOOD,HEAVY RAIN AND FLOOD,Rain
624 Heavy Rain and Wind,Heavy Rain and Wind,Rain
954 HEAVY RAIN EFFECTS,HEAVY RAIN EFFECTS,Rain
176 HEAVY RAIN/FLOODING,HEAVY RAIN/FLOODING,Rain
636 Heavy Rain/High Surf,Heavy Rain/High Surf,Rain
38 HEAVY RAIN/LIGHTNING,HEAVY RAIN/LIGHTNING,Rain
509 HEAVY RAIN/MUDSLIDES/FLOOD,HEAVY RAIN/MUDSLIDES/FLOOD,Rain
313 HEAVY RAIN/SEVERE WEATHER,HEAVY RAIN/SEVERE WEATHER,Rain
597 HEAVY RAIN/SMALL STREAM URBAN,HEAVY RAIN/SMALL STREAM URBAN,Rain
594 HEAVY RAIN/URBAN FLOOD,HEAVY RAIN/URBAN FLOOD,Rain
655 HEAVY RAIN/WIND,HEAVY RAIN/WIND,Rain
474 HEAVY RAIN; URBAN FLOOD WINDS;,HEAVY RAIN; URBAN FLOOD WINDS;,Rain
549 HEAVY RAINFALL,HEAVY RAINFALL,Rain
30 HEAVY RAINS,HEAVY RAINS,Rain
499 HEAVY RAINS/FLOODING,HEAVY RAINS/FLOODING,Rain
588 HEAVY SHOWER,HEAVY SHOWER,Rain
580 HEAVY SHOWERS,HEAVY SHOWERS,Rain
63 HIGH WINDS HEAVY RAINS,HIGH WINDS HEAVY RAINS,Rain
83 HIGH WINDS/HEAVY RAIN,HIGH WINDS/HEAVY RAIN,Rain
376 HVY RAIN,HVY RAIN,Rain
927 LOCALLY HEAVY RAIN,LOCALLY HEAVY RAIN,Rain
892 MONTHLY PRECIPITATION,MONTHLY PRECIPITATION,Rain
776 Monthly Rainfall,Monthly Rainfall,Rain
859 MONTHLY RAINFALL,MONTHLY RAINFALL,Rain
195 NORMAL PRECIPITATION,NORMAL PRECIPITATION,Rain
846 PROLONGED RAIN,PROLONGED RAIN,Rain
326 RAIN,RAIN,Rain
805 RAIN (HEAVY),RAIN (HEAVY),Rain
400 RAIN AND WIND,RAIN AND WIND,Rain
638 Rain Damage,Rain Damage,Rain
479 RAIN/WIND,RAIN/WIND,Rain
123 RAINSTORM,RAINSTORM,Rain
912 RECORD PRECIPITATION,RECORD PRECIPITATION,Rain
86 RECORD RAINFALL,RECORD RAINFALL,Rain
492 RECORD/EXCESSIVE RAINFALL,RECORD/EXCESSIVE RAINFALL,Rain
441 TORRENTIAL RAIN,TORRENTIAL RAIN,Rain
648 Torrential Rainfall,Torrential Rainfall,Rain
793 TSTM HEAVY RAIN,TSTM HEAVY RAIN,Rain
186 UNSEASONABLY WET,UNSEASONABLY WET,Rain
844 UNSEASONAL RAIN,UNSEASONAL RAIN,Rain
626 Wet Month,Wet Month,Rain
489 WET WEATHER,WET WEATHER,Rain
627 Wet Year,Wet Year,Rain
18 RIP CURRENT,RIP CURRENT,Rip Current
443 RIP CURRENTS,RIP CURRENTS,Rip Current
191 RIP CURRENTS HEAVY SURF,RIP CURRENTS HEAVY SURF,Rip Current
406 RIP CURRENTS/HEAVY SURF,RIP CURRENTS/HEAVY SURF,Rip Current
869 SEICHE,SEICHE,Seiche
802  TSTM WIND, TSTM WIND,Thunderstorm
851  TSTM WIND (G45), TSTM WIND (G45),Thunderstorm
128 DRY MICROBURST,DRY MICROBURST,Thunderstorm
155 DRY MICROBURST 50,DRY MICROBURST 50,Thunderstorm
151 DRY MICROBURST 53,DRY MICROBURST 53,Thunderstorm
168 DRY MICROBURST 58,DRY MICROBURST 58,Thunderstorm
132 DRY MICROBURST 61,DRY MICROBURST 61,Thunderstorm
174 DRY MICROBURST 84,DRY MICROBURST 84,Thunderstorm
149 DRY MICROBURST WINDS,DRY MICROBURST WINDS,Thunderstorm
150 DRY MIRCOBURST WINDS,DRY MIRCOBURST WINDS,Thunderstorm
982 MARINE THUNDERSTORM WIND,MARINE THUNDERSTORM WIND,Thunderstorm
957 MARINE TSTM WIND,MARINE TSTM WIND,Thunderstorm
708 Metro Storm,Metro Storm,Thunderstorm
124 SEVERE THUNDERSTORM,SEVERE THUNDERSTORM,Thunderstorm
126 SEVERE THUNDERSTORM WINDS,SEVERE THUNDERSTORM WINDS,Thunderstorm
125 SEVERE THUNDERSTORMS,SEVERE THUNDERSTORMS,Thunderstorm
85 SEVERE TURBULENCE,SEVERE TURBULENCE,Thunderstorm
939  WATERSPOUT, WATERSPOUT,Tornado/Waterspout
262 COLD AIR FUNNEL,COLD AIR FUNNEL,Tornado/Waterspout
264 COLD AIR FUNNELS,COLD AIR FUNNELS,Tornado/Waterspout
274 COLD AIR TORNADO,COLD AIR TORNADO,Tornado/Waterspout
32 FUNNEL,FUNNEL,Tornado/Waterspout
23 FUNNEL CLOUD,FUNNEL CLOUD,Tornado/Waterspout
750 Funnel Cloud,Funnel Cloud,Tornado/Waterspout
356 FUNNEL CLOUD.,FUNNEL CLOUD.,Tornado/Waterspout
278 FUNNEL CLOUD/HAIL,FUNNEL CLOUD/HAIL,Tornado/Waterspout
96 FUNNEL CLOUDS,FUNNEL CLOUDS,Tornado/Waterspout
546 FUNNELS,FUNNELS,Tornado/Waterspout
901 LANDSPOUT,LANDSPOUT,Tornado/Waterspout
261 LARGE WALL CLOUD,LARGE WALL CLOUD,Tornado/Waterspout
260 ROTATING WALL CLOUD,ROTATING WALL CLOUD,Tornado/Waterspout
1 TORNADO,TORNADO,Tornado/Waterspout
966 TORNADO DEBRIS,TORNADO DEBRIS,Tornado/Waterspout
24 TORNADO F0,TORNADO F0,Tornado/Waterspout
361 TORNADO F1,TORNADO F1,Tornado/Waterspout
442 TORNADO F2,TORNADO F2,Tornado/Waterspout
355 TORNADO F3,TORNADO F3,Tornado/Waterspout
399 TORNADO/WATERSPOUT,TORNADO/WATERSPOUT,Tornado/Waterspout
207 TORNADOES,TORNADOES,Tornado/Waterspout
533 TORNADOES,TORNADOES,Tornado/Waterspout
178 TORNADOS,TORNADOS,Tornado/Waterspout
357 TORNDAO,TORNDAO,Tornado/Waterspout
33 WALL CLOUD,WALL CLOUD,Tornado/Waterspout
40 WALL CLOUD/FUNNEL CLOUD,WALL CLOUD/FUNNEL CLOUD,Tornado/Waterspout
117 WATER SPOUT,WATER SPOUT,Tornado/Waterspout
42 WATERSPOUT,WATERSPOUT,Tornado/Waterspout
206 WATERSPOUT-,WATERSPOUT-,Tornado/Waterspout
585 WATERSPOUT FUNNEL CLOUD,WATERSPOUT FUNNEL CLOUD,Tornado/Waterspout
202 WATERSPOUT TORNADO,WATERSPOUT TORNADO,Tornado/Waterspout
353 WATERSPOUT/,WATERSPOUT/,Tornado/Waterspout
315 WATERSPOUT/ TORNADO,WATERSPOUT/ TORNADO,Tornado/Waterspout
200 WATERSPOUT/TORNADO,WATERSPOUT/TORNADO,Tornado/Waterspout
201 WATERSPOUTS,WATERSPOUTS,Tornado/Waterspout
205 WATERSPOUT-TORNADO,WATERSPOUT-TORNADO,Tornado/Waterspout
213 WAYTERSPOUT,WAYTERSPOUT,Tornado/Waterspout
881 TROPICAL DEPRESSION,TROPICAL DEPRESSION,Tropical Depression
209 TROPICAL STORM,TROPICAL STORM,Tropical Storm
208 TROPICAL STORM ALBERTO,TROPICAL STORM ALBERTO,Tropical Storm
309 TROPICAL STORM DEAN,TROPICAL STORM DEAN,Tropical Storm
210 TROPICAL STORM GORDON,TROPICAL STORM GORDON,Tropical Storm
211 TROPICAL STORM JERRY,TROPICAL STORM JERRY,Tropical Storm
979 TSUNAMI,TSUNAMI,Tsunami
564 ?,?,Unknown
93 APACHE COUNTY,APACHE COUNTY,Unknown
558 EXCESSIVE,EXCESSIVE,Unknown
418 OTHER,OTHER,Unknown
602 Other,Other,Unknown
468 SOUTHEAST,SOUTHEAST,Unknown
735 Summary August 10,Summary August 10,Unknown
697 Summary August 11,Summary August 11,Unknown
736 Summary August 17,Summary August 17,Unknown
737 Summary August 21,Summary August 21,Unknown
732 Summary August 2-3,Summary August 2-3,Unknown
738 Summary August 28,Summary August 28,Unknown
758 Summary August 4,Summary August 4,Unknown
733 Summary August 7,Summary August 7,Unknown
734 Summary August 9,Summary August 9,Unknown
689 Summary Jan 17,Summary Jan 17,Unknown
728 Summary July 23-24,Summary July 23-24,Unknown
720 Summary June 18-19,Summary June 18-19,Unknown
713 Summary June 5-6,Summary June 5-6,Unknown
714 Summary June 6,Summary June 6,Unknown
694 Summary of April 12,Summary of April 12,Unknown
695 Summary of April 13,Summary of April 13,Unknown
696 Summary of April 21,Summary of April 21,Unknown
698 Summary of April 27,Summary of April 27,Unknown
693 Summary of April 3rd,Summary of April 3rd,Unknown
731 Summary of August 1,Summary of August 1,Unknown
726 Summary of July 11,Summary of July 11,Unknown
724 Summary of July 2,Summary of July 2,Unknown
727 Summary of July 22,Summary of July 22,Unknown
729 Summary of July 26,Summary of July 26,Unknown
730 Summary of July 29,Summary of July 29,Unknown
725 Summary of July 3,Summary of July 3,Unknown
759 Summary of June 10,Summary of June 10,Unknown
715 Summary of June 11,Summary of June 11,Unknown
716 Summary of June 12,Summary of June 12,Unknown
717 Summary of June 13,Summary of June 13,Unknown
718 Summary of June 15,Summary of June 15,Unknown
719 Summary of June 16,Summary of June 16,Unknown
760 Summary of June 18,Summary of June 18,Unknown
721 Summary of June 23,Summary of June 23,Unknown
722 Summary of June 24,Summary of June 24,Unknown
711 Summary of June 3,Summary of June 3,Unknown
723 Summary of June 30,Summary of June 30,Unknown
712 Summary of June 4,Summary of June 4,Unknown
757 Summary of June 6,Summary of June 6,Unknown
690 Summary of March 14,Summary of March 14,Unknown
691 Summary of March 23,Summary of March 23,Unknown
692 Summary of March 24,Summary of March 24,Unknown
823 SUMMARY OF MARCH 24-25,SUMMARY OF MARCH 24-25,Unknown
824 SUMMARY OF MARCH 27,SUMMARY OF MARCH 27,Unknown
825 SUMMARY OF MARCH 29,SUMMARY OF MARCH 29,Unknown
700 Summary of May 10,Summary of May 10,Unknown
701 Summary of May 13,Summary of May 13,Unknown
702 Summary of May 14,Summary of May 14,Unknown
756 Summary of May 22,Summary of May 22,Unknown
703 Summary of May 22 am,Summary of May 22 am,Unknown
704 Summary of May 22 pm,Summary of May 22 pm,Unknown
706 Summary of May 26 am,Summary of May 26 am,Unknown
707 Summary of May 26 pm,Summary of May 26 pm,Unknown
709 Summary of May 31 am,Summary of May 31 am,Unknown
710 Summary of May 31 pm,Summary of May 31 pm,Unknown
699 Summary of May 9-10,Summary of May 9-10,Unknown
742 Summary Sept. 25-26,Summary Sept. 25-26,Unknown
740 Summary September 20,Summary September 20,Unknown
741 Summary September 23,Summary September 23,Unknown
761 Summary September 3,Summary September 3,Unknown
739 Summary September 4,Summary September 4,Unknown
746 Summary: Nov. 16,Summary: Nov. 16,Unknown
745 Summary: Nov. 6-7,Summary: Nov. 6-7,Unknown
743 Summary: Oct. 20-21,Summary: Oct. 20-21,Unknown
744 Summary: October 31,Summary: October 31,Unknown
762 Summary: Sept. 18,Summary: Sept. 18,Unknown
891 VOG,VOG,Volcano
782 Volcanic Ash,Volcanic Ash,Volcano
840 VOLCANIC ASH,VOLCANIC ASH,Volcano
783 Volcanic Ash Plume,Volcanic Ash Plume,Volcano
985 VOLCANIC ASHFALL,VOLCANIC ASHFALL,Volcano
882 VOLCANIC ERUPTION,VOLCANIC ERUPTION,Volcano
910  WIND, WIND,Wind
144 DOWNBURST,DOWNBURST,Wind
148 DOWNBURST WINDS,DOWNBURST WINDS,Wind
686 Gradient wind,Gradient wind,Wind
826 GRADIENT WIND,GRADIENT WIND,Wind
830 gradient wind,gradient wind,Wind
255 GRADIENT WINDS,GRADIENT WINDS,Wind
263 GUSTNADO,GUSTNADO,Wind
145 GUSTNADO AND,GUSTNADO AND,Wind
932 GUSTY LAKE WIND,GUSTY LAKE WIND,Wind
970 GUSTY THUNDERSTORM WIND,GUSTY THUNDERSTORM WIND,Wind
952 GUSTY THUNDERSTORM WINDS,GUSTY THUNDERSTORM WINDS,Wind
680 Gusty Wind,Gusty Wind,Wind
795 GUSTY WIND,GUSTY WIND,Wind
885 GUSTY WIND/HAIL,GUSTY WIND/HAIL,Wind
770 GUSTY WIND/HVY RAIN,GUSTY WIND/HVY RAIN,Wind
769 Gusty wind/rain,Gusty wind/rain,Wind
103 GUSTY WINDS,GUSTY WINDS,Wind
794 Gusty Winds,Gusty Winds,Wind
821 Gusty winds,Gusty winds,Wind
115 HIGH,HIGH,Wind
247 HIGH  WINDS,HIGH  WINDS,Wind
46 HIGH WIND,HIGH WIND,Wind
607 High Wind,High Wind,Wind
853 HIGH WIND (G40),HIGH WIND (G40),Wind
582 HIGH WIND 48,HIGH WIND 48,Wind
321 HIGH WIND 63,HIGH WIND 63,Wind
393 HIGH WIND 70,HIGH WIND 70,Wind
138 HIGH WIND DAMAGE,HIGH WIND DAMAGE,Wind
22 HIGH WINDS,HIGH WINDS,Wind
171 HIGH WINDS 55,HIGH WINDS 55,Wind
154 HIGH WINDS 57,HIGH WINDS 57,Wind
165 HIGH WINDS 58,HIGH WINDS 58,Wind
158 HIGH WINDS 63,HIGH WINDS 63,Wind
156 HIGH WINDS 66,HIGH WINDS 66,Wind
159 HIGH WINDS 67,HIGH WINDS 67,Wind
170 HIGH WINDS 73,HIGH WINDS 73,Wind
157 HIGH WINDS 76,HIGH WINDS 76,Wind
164 HIGH WINDS 80,HIGH WINDS 80,Wind
163 HIGH WINDS 82,HIGH WINDS 82,Wind
233 HIGH WINDS/,HIGH WINDS/,Wind
511 HIGH WINDS/COLD,HIGH WINDS/COLD,Wind
978 MARINE HIGH WIND,MARINE HIGH WIND,Wind
983 MARINE STRONG WIND,MARINE STRONG WIND,Wind
136 MICROBURST,MICROBURST,Wind
747 Microburst,Microburst,Wind
153 MICROBURST WINDS,MICROBURST WINDS,Wind
951 NON TSTM WIND,NON TSTM WIND,Wind
920 NON-SEVERE WIND DAMAGE,NON-SEVERE WIND DAMAGE,Wind
950 NON-TSTM WIND,NON-TSTM WIND,Wind
465 STORM FORCE WINDS,STORM FORCE WINDS,Wind
137 STRONG WIND,STRONG WIND,Wind
620 Strong Wind,Strong Wind,Wind
810 STRONG WIND GUST,STRONG WIND GUST,Wind
104 STRONG WINDS,STRONG WINDS,Wind
659 Strong Winds,Strong Winds,Wind
660 Strong winds,Strong winds,Wind
462 THUDERSTORM WINDS,THUDERSTORM WINDS,Wind
502 THUNDEERSTORM WINDS,THUNDEERSTORM WINDS,Wind
500 THUNDERESTORM WINDS,THUNDERESTORM WINDS,Wind
41 THUNDERSTORM,THUNDERSTORM,Wind
304 THUNDERSTORM  WINDS,THUNDERSTORM  WINDS,Wind
287 THUNDERSTORM DAMAGE,THUNDERSTORM DAMAGE,Wind
450 THUNDERSTORM DAMAGE TO,THUNDERSTORM DAMAGE TO,Wind
504 THUNDERSTORM W INDS,THUNDERSTORM W INDS,Wind
16 THUNDERSTORM WIND,THUNDERSTORM WIND,Wind
637 Thunderstorm Wind,Thunderstorm Wind,Wind
924 THUNDERSTORM WIND (G40),THUNDERSTORM WIND (G40),Wind
507 THUNDERSTORM WIND 50,THUNDERSTORM WIND 50,Wind
402 THUNDERSTORM WIND 52,THUNDERSTORM WIND 52,Wind
515 THUNDERSTORM WIND 56,THUNDERSTORM WIND 56,Wind
401 THUNDERSTORM WIND 59,THUNDERSTORM WIND 59,Wind
447 THUNDERSTORM WIND 59 MPH,THUNDERSTORM WIND 59 MPH,Wind
455 THUNDERSTORM WIND 59 MPH.,THUNDERSTORM WIND 59 MPH.,Wind
435 THUNDERSTORM WIND 60 MPH,THUNDERSTORM WIND 60 MPH,Wind
451 THUNDERSTORM WIND 65 MPH,THUNDERSTORM WIND 65 MPH,Wind
436 THUNDERSTORM WIND 65MPH,THUNDERSTORM WIND 65MPH,Wind
412 THUNDERSTORM WIND 69,THUNDERSTORM WIND 69,Wind
439 THUNDERSTORM WIND 98 MPH,THUNDERSTORM WIND 98 MPH,Wind
333 THUNDERSTORM WIND G50,THUNDERSTORM WIND G50,Wind
485 THUNDERSTORM WIND G51,THUNDERSTORM WIND G51,Wind
481 THUNDERSTORM WIND G52,THUNDERSTORM WIND G52,Wind
380 THUNDERSTORM WIND G55,THUNDERSTORM WIND G55,Wind
371 THUNDERSTORM WIND G60,THUNDERSTORM WIND G60,Wind
495 THUNDERSTORM WIND G61,THUNDERSTORM WIND G61,Wind
440 THUNDERSTORM WIND TREES,THUNDERSTORM WIND TREES,Wind
453 THUNDERSTORM WIND.,THUNDERSTORM WIND.,Wind
449 THUNDERSTORM WIND/ TREE,THUNDERSTORM WIND/ TREE,Wind
437 THUNDERSTORM WIND/ TREES,THUNDERSTORM WIND/ TREES,Wind
438 THUNDERSTORM WIND/AWNING,THUNDERSTORM WIND/AWNING,Wind
534 THUNDERSTORM WIND/HAIL,THUNDERSTORM WIND/HAIL,Wind
312 THUNDERSTORM WIND/LIGHTNING,THUNDERSTORM WIND/LIGHTNING,Wind
10 THUNDERSTORM WINDS,THUNDERSTORM WINDS,Wind
343 THUNDERSTORM WINDS      LE CEN,THUNDERSTORM WINDS      LE CEN,Wind
223 THUNDERSTORM WINDS 13,THUNDERSTORM WINDS 13,Wind
277 THUNDERSTORM WINDS 2,THUNDERSTORM WINDS 2,Wind
480 THUNDERSTORM WINDS 50,THUNDERSTORM WINDS 50,Wind
483 THUNDERSTORM WINDS 52,THUNDERSTORM WINDS 52,Wind
397 THUNDERSTORM WINDS 53,THUNDERSTORM WINDS 53,Wind
175 THUNDERSTORM WINDS 60,THUNDERSTORM WINDS 60,Wind
285 THUNDERSTORM WINDS 61,THUNDERSTORM WINDS 61,Wind
386 THUNDERSTORM WINDS 62,THUNDERSTORM WINDS 62,Wind
448 THUNDERSTORM WINDS 63 MPH,THUNDERSTORM WINDS 63 MPH,Wind
471 THUNDERSTORM WINDS AND,THUNDERSTORM WINDS AND,Wind
385 THUNDERSTORM WINDS FUNNEL CLOU,THUNDERSTORM WINDS FUNNEL CLOU,Wind
362 THUNDERSTORM WINDS G,THUNDERSTORM WINDS G,Wind
382 THUNDERSTORM WINDS G60,THUNDERSTORM WINDS G60,Wind
35 THUNDERSTORM WINDS HAIL,THUNDERSTORM WINDS HAIL,Wind
556 THUNDERSTORM WINDS HEAVY RAIN,THUNDERSTORM WINDS HEAVY RAIN,Wind
25 THUNDERSTORM WINDS LIGHTNING,THUNDERSTORM WINDS LIGHTNING,Wind
259 THUNDERSTORM WINDS SMALL STREA,THUNDERSTORM WINDS SMALL STREA,Wind
258 THUNDERSTORM WINDS URBAN FLOOD,THUNDERSTORM WINDS URBAN FLOOD,Wind
373 THUNDERSTORM WINDS.,THUNDERSTORM WINDS.,Wind
548 THUNDERSTORM WINDS/ FLOOD,THUNDERSTORM WINDS/ FLOOD,Wind
311 THUNDERSTORM WINDS/ HAIL,THUNDERSTORM WINDS/ HAIL,Wind
392 THUNDERSTORM WINDS/FLASH FLOOD,THUNDERSTORM WINDS/FLASH FLOOD,Wind
501 THUNDERSTORM WINDS/FLOODING,THUNDERSTORM WINDS/FLOODING,Wind
100 THUNDERSTORM WINDS/FUNNEL CLOU,THUNDERSTORM WINDS/FUNNEL CLOU,Wind
26 THUNDERSTORM WINDS/HAIL,THUNDERSTORM WINDS/HAIL,Wind
341 THUNDERSTORM WINDS/HEAVY RAIN,THUNDERSTORM WINDS/HEAVY RAIN,Wind
218 THUNDERSTORM WINDS53,THUNDERSTORM WINDS53,Wind
460 THUNDERSTORM WINDSHAIL,THUNDERSTORM WINDSHAIL,Wind
177 THUNDERSTORM WINDSS,THUNDERSTORM WINDSS,Wind
19 THUNDERSTORM WINS,THUNDERSTORM WINS,Wind
133 THUNDERSTORMS,THUNDERSTORMS,Wind
303 THUNDERSTORMS WIND,THUNDERSTORMS WIND,Wind
127 THUNDERSTORMS WINDS,THUNDERSTORMS WINDS,Wind
540 THUNDERSTORMW,THUNDERSTORMW,Wind
299 THUNDERSTORMW 50,THUNDERSTORMW 50,Wind
434 THUNDERSTORMW WINDS,THUNDERSTORMW WINDS,Wind
555 THUNDERSTORMWINDS,THUNDERSTORMWINDS,Wind
565 THUNDERSTROM WIND,THUNDERSTROM WIND,Wind
342 THUNDERSTROM WINDS,THUNDERSTROM WINDS,Wind
288 THUNDERTORM WINDS,THUNDERTORM WINDS,Wind
310 THUNDERTSORM WIND,THUNDERTSORM WIND,Wind
314 THUNDESTORM WINDS,THUNDESTORM WINDS,Wind
508 THUNERSTORM WINDS,THUNERSTORM WINDS,Wind
870 TSTM,TSTM,Wind
2 TSTM WIND,TSTM WIND,Wind
608 Tstm Wind,Tstm Wind,Wind
852 TSTM WIND  (G45),TSTM WIND  (G45),Wind
798 TSTM WIND (41),TSTM WIND (41),Wind
854 TSTM WIND (G35),TSTM WIND (G35),Wind
799 TSTM WIND (G40),TSTM WIND (G40),Wind
788 TSTM WIND (G45),TSTM WIND (G45),Wind
796 TSTM WIND 40,TSTM WIND 40,Wind
797 TSTM WIND 45,TSTM WIND 45,Wind
281 TSTM WIND 50,TSTM WIND 50,Wind
280 TSTM WIND 51,TSTM WIND 51,Wind
282 TSTM WIND 52,TSTM WIND 52,Wind
283 TSTM WIND 55,TSTM WIND 55,Wind
547 TSTM WIND 65),TSTM WIND 65),Wind
829 TSTM WIND AND LIGHTNING,TSTM WIND AND LIGHTNING,Wind
476 TSTM WIND DAMAGE,TSTM WIND DAMAGE,Wind
918 TSTM WIND G45,TSTM WIND G45,Wind
422 TSTM WIND G58,TSTM WIND G58,Wind
601 TSTM WIND/HAIL,TSTM WIND/HAIL,Wind
542 TSTM WINDS,TSTM WINDS,Wind
800 TSTM WND,TSTM WND,Wind
545 TSTMW,TSTMW,Wind
308 TUNDERSTORM WIND,TUNDERSTORM WIND,Wind
858 WAKE LOW WIND,WAKE LOW WIND,Wind
748 wet micoburst,wet micoburst,Wind
147 WET MICROBURST,WET MICROBURST,Wind
669 Whirlwind,Whirlwind,Wind
963 WHIRLWIND,WHIRLWIND,Wind
28 WIND,WIND,Wind
610 Wind,Wind,Wind
884 WIND ADVISORY,WIND ADVISORY,Wind
908 WIND AND WAVE,WIND AND WAVE,Wind
91 WIND DAMAGE,WIND DAMAGE,Wind
613 Wind Damage,Wind Damage,Wind
928 WIND GUSTS,WIND GUSTS,Wind
292 WIND STORM,WIND STORM,Wind
300 WIND/HAIL,WIND/HAIL,Wind
131 WINDS,WINDS,Wind
936 WND,WND,Wind
947 ACCUMULATED SNOWFALL,ACCUMULATED SNOWFALL,Wintery Mix
642 blowing snow,blowing snow,Wintery Mix
771 Blowing Snow,Blowing Snow,Wintery Mix
352 BLOWING SNOW & EXTREME WIND CH,BLOWING SNOW & EXTREME WIND CH,Wintery Mix
265 BLOWING SNOW- EXTREME WIND CHI,BLOWING SNOW- EXTREME WIND CHI,Wintery Mix
530 BLOWING SNOW/EXTREME WIND CHIL,BLOWING SNOW/EXTREME WIND CHIL,Wintery Mix
668 Drifting Snow,Drifting Snow,Wintery Mix
245 EARLY SNOW,EARLY SNOW,Wintery Mix
772 Early snowfall,Early snowfall,Wintery Mix
899 EARLY SNOWFALL,EARLY SNOWFALL,Wintery Mix
905 EXCESSIVE SNOW,EXCESSIVE SNOW,Wintery Mix
948 FALLING SNOW/ICE,FALLING SNOW/ICE,Wintery Mix
183 FIRST SNOW,FIRST SNOW,Wintery Mix
166 FREEZING DRIZZLE,FREEZING DRIZZLE,Wintery Mix
768 Freezing Drizzle,Freezing Drizzle,Wintery Mix
831 Freezing drizzle,Freezing drizzle,Wintery Mix
470 FREEZING DRIZZLE AND FREEZING,FREEZING DRIZZLE AND FREEZING,Wintery Mix
667 Freezing Fog,Freezing Fog,Wintery Mix
900 FREEZING FOG,FREEZING FOG,Wintery Mix
4 FREEZING RAIN,FREEZING RAIN,Wintery Mix
649 Freezing Rain,Freezing Rain,Wintery Mix
820 Freezing rain,Freezing rain,Wintery Mix
184 FREEZING RAIN AND SLEET,FREEZING RAIN AND SLEET,Wintery Mix
466 FREEZING RAIN AND SNOW,FREEZING RAIN AND SNOW,Wintery Mix
467 FREEZING RAIN SLEET AND,FREEZING RAIN SLEET AND,Wintery Mix
491 FREEZING RAIN SLEET AND LIGHT,FREEZING RAIN SLEET AND LIGHT,Wintery Mix
270 FREEZING RAIN/SLEET,FREEZING RAIN/SLEET,Wintery Mix
232 FREEZING RAIN/SNOW,FREEZING RAIN/SNOW,Wintery Mix
688 Freezing Spray,Freezing Spray,Wintery Mix
179 GLAZE,GLAZE,Wintery Mix
664 Glaze,Glaze,Wintery Mix
243 GLAZE ICE,GLAZE ICE,Wintery Mix
364 GLAZE/ICE STORM,GLAZE/ICE STORM,Wintery Mix
336 HEAVY LAKE SNOW,HEAVY LAKE SNOW,Wintery Mix
428 HEAVY MIX,HEAVY MIX,Wintery Mix
238 HEAVY RAIN/SNOW,HEAVY RAIN/SNOW,Wintery Mix
53 HEAVY SNOW,HEAVY SNOW,Wintery Mix
456 HEAVY SNOW   FREEZING RAIN,HEAVY SNOW   FREEZING RAIN,Wintery Mix
469 HEAVY SNOW & ICE,HEAVY SNOW & ICE,Wintery Mix
581 HEAVY SNOW AND,HEAVY SNOW AND,Wintery Mix
389 HEAVY SNOW AND HIGH WINDS,HEAVY SNOW AND HIGH WINDS,Wintery Mix
346 HEAVY SNOW AND ICE,HEAVY SNOW AND ICE,Wintery Mix
323 HEAVY SNOW AND ICE STORM,HEAVY SNOW AND ICE STORM,Wintery Mix
528 HEAVY SNOW AND STRONG WINDS,HEAVY SNOW AND STRONG WINDS,Wintery Mix
348 HEAVY SNOW ANDBLOWING SNOW,HEAVY SNOW ANDBLOWING SNOW,Wintery Mix
670 Heavy snow shower,Heavy snow shower,Wintery Mix
424 HEAVY SNOW SQUALLS,HEAVY SNOW SQUALLS,Wintery Mix
284 HEAVY SNOW/BLIZZARD,HEAVY SNOW/BLIZZARD,Wintery Mix
256 HEAVY SNOW/BLOWING SNOW,HEAVY SNOW/BLOWING SNOW,Wintery Mix
337 HEAVY SNOW/FREEZING RAIN,HEAVY SNOW/FREEZING RAIN,Wintery Mix
68 HEAVY SNOW/HIGH,HEAVY SNOW/HIGH,Wintery Mix
225 HEAVY SNOW/HIGH WIND,HEAVY SNOW/HIGH WIND,Wintery Mix
161 HEAVY SNOW/HIGH WINDS,HEAVY SNOW/HIGH WINDS,Wintery Mix
390 HEAVY SNOW/HIGH WINDS & FLOOD,HEAVY SNOW/HIGH WINDS & FLOOD,Wintery Mix
71 HEAVY SNOW/HIGH WINDS/FREEZING,HEAVY SNOW/HIGH WINDS/FREEZING,Wintery Mix
349 HEAVY SNOW/ICE,HEAVY SNOW/ICE,Wintery Mix
319 HEAVY SNOW/ICE STORM,HEAVY SNOW/ICE STORM,Wintery Mix
305 HEAVY SNOW/SLEET,HEAVY SNOW/SLEET,Wintery Mix
425 HEAVY SNOW/SQUALLS,HEAVY SNOW/SQUALLS,Wintery Mix
89 HEAVY SNOW/WIND,HEAVY SNOW/WIND,Wintery Mix
365 HEAVY SNOW/WINTER STORM,HEAVY SNOW/WINTER STORM,Wintery Mix
141 HEAVY SNOWPACK,HEAVY SNOWPACK,Wintery Mix
426 HEAVY SNOW-SQUALLS,HEAVY SNOW-SQUALLS,Wintery Mix
339 HEAVY WET SNOW,HEAVY WET SNOW,Wintery Mix
59 HIGH WIND AND HEAVY SNOW,HIGH WIND AND HEAVY SNOW,Wintery Mix
78 HIGH WIND/HEAVY SNOW,HIGH WIND/HEAVY SNOW,Wintery Mix
525 HIGH WINDS/SNOW,HIGH WINDS/SNOW,Wintery Mix
142 ICE,ICE,Wintery Mix
463 ICE AND SNOW,ICE AND SNOW,Wintery Mix
329 ICE FLOES,ICE FLOES,Wintery Mix
646 Ice Fog,Ice Fog,Wintery Mix
369 ICE JAM,ICE JAM,Wintery Mix
606 Ice jam flood (minor,Ice jam flood (minor,Wintery Mix
271 ICE JAM FLOODING,ICE JAM FLOODING,Wintery Mix
968 ICE ON ROAD,ICE ON ROAD,Wintery Mix
875 ICE PELLETS,ICE PELLETS,Wintery Mix
913 ICE ROADS,ICE ROADS,Wintery Mix
65 ICE STORM,ICE STORM,Wintery Mix
347 ICE STORM AND SNOW,ICE STORM AND SNOW,Wintery Mix
6 ICE STORM/FLASH FLOOD,ICE STORM/FLASH FLOOD,Wintery Mix
279 ICE/SNOW,ICE/SNOW,Wintery Mix
662 Ice/Snow,Ice/Snow,Wintery Mix
522 ICE/STRONG WINDS,ICE/STRONG WINDS,Wintery Mix
827 Icestorm/Blizzard,Icestorm/Blizzard,Wintery Mix
427 ICY ROADS,ICY ROADS,Wintery Mix
634 Icy Roads,Icy Roads,Wintery Mix
338 LAKE EFFECT SNOW,LAKE EFFECT SNOW,Wintery Mix
815 Lake Effect Snow,Lake Effect Snow,Wintery Mix
583 LAKE-EFFECT SNOW,LAKE-EFFECT SNOW,Wintery Mix
931 LATE SEASON SNOW,LATE SEASON SNOW,Wintery Mix
679 Late Season Snowfall,Late Season Snowfall,Wintery Mix
672 LATE SNOW,LATE SNOW,Wintery Mix
651 Late-season Snowfall,Late-season Snowfall,Wintery Mix
909 LIGHT FREEZING RAIN,LIGHT FREEZING RAIN,Wintery Mix
411 LIGHT SNOW,LIGHT SNOW,Wintery Mix
678 Light snow,Light snow,Wintery Mix
682 Light Snow,Light Snow,Wintery Mix
172 LIGHT SNOW AND SLEET,LIGHT SNOW AND SLEET,Wintery Mix
625 Light Snow/Flurries,Light Snow/Flurries,Wintery Mix
890 LIGHT SNOW/FREEZING PRECIP,LIGHT SNOW/FREEZING PRECIP,Wintery Mix
767 Light Snowfall,Light Snowfall,Wintery Mix
683 MIXED PRECIP,MIXED PRECIP,Wintery Mix
816 Mixed Precipitation,Mixed Precipitation,Wintery Mix
896 MIXED PRECIPITATION,MIXED PRECIPITATION,Wintery Mix
862 MODERATE SNOW,MODERATE SNOW,Wintery Mix
863 MODERATE SNOWFALL,MODERATE SNOWFALL,Wintery Mix
773 Monthly Snowfall,Monthly Snowfall,Wintery Mix
911 MONTHLY SNOWFALL,MONTHLY SNOWFALL,Wintery Mix
832 Mountain Snows,Mountain Snows,Wintery Mix
552 NEAR RECORD SNOW,NEAR RECORD SNOW,Wintery Mix
953 PATCHY ICE,PATCHY ICE,Wintery Mix
198 RAIN/SNOW,RAIN/SNOW,Wintery Mix
673 Record May Snow,Record May Snow,Wintery Mix
419 RECORD SNOW,RECORD SNOW,Wintery Mix
488 RECORD SNOW/COLD,RECORD SNOW/COLD,Wintery Mix
87 RECORD SNOWFALL,RECORD SNOWFALL,Wintery Mix
674 Record Winter Snow,Record Winter Snow,Wintery Mix
775 Seasonal Snowfall,Seasonal Snowfall,Wintery Mix
94 SLEET,SLEET,Wintery Mix
498 SLEET & FREEZING RAIN,SLEET & FREEZING RAIN,Wintery Mix
975 SLEET STORM,SLEET STORM,Wintery Mix
789 SLEET/FREEZING RAIN,SLEET/FREEZING RAIN,Wintery Mix
257 SLEET/ICE STORM,SLEET/ICE STORM,Wintery Mix
192 SLEET/RAIN/SNOW,SLEET/RAIN/SNOW,Wintery Mix
557 SLEET/SNOW,SLEET/SNOW,Wintery Mix
5 SNOW,SNOW,Wintery Mix
615 Snow,Snow,Wintery Mix
529 SNOW ACCUMULATION,SNOW ACCUMULATION,Wintery Mix
666 Snow Accumulation,Snow Accumulation,Wintery Mix
940 SNOW ADVISORY,SNOW ADVISORY,Wintery Mix
567 SNOW AND COLD,SNOW AND COLD,Wintery Mix
266 SNOW AND HEAVY SNOW,SNOW AND HEAVY SNOW,Wintery Mix
291 SNOW AND ICE,SNOW AND ICE,Wintery Mix
687 Snow and Ice,Snow and Ice,Wintery Mix
301 SNOW AND ICE STORM,SNOW AND ICE STORM,Wintery Mix
819 Snow and sleet,Snow and sleet,Wintery Mix
889 SNOW AND SLEET,SNOW AND SLEET,Wintery Mix
106 SNOW AND WIND,SNOW AND WIND,Wintery Mix
433 SNOW DROUGHT,SNOW DROUGHT,Wintery Mix
429 SNOW FREEZING RAIN,SNOW FREEZING RAIN,Wintery Mix
272 SNOW- HIGH WIND- WIND CHILL,SNOW- HIGH WIND- WIND CHILL,Wintery Mix
484 SNOW SHOWERS,SNOW SHOWERS,Wintery Mix
516 SNOW SLEET,SNOW SLEET,Wintery Mix
332 SNOW SQUALL,SNOW SQUALL,Wintery Mix
331 SNOW SQUALLS,SNOW SQUALLS,Wintery Mix
617 Snow Squalls,Snow Squalls,Wintery Mix
658 Snow squalls,Snow squalls,Wintery Mix
514 SNOW/ BITTER COLD,SNOW/ BITTER COLD,Wintery Mix
531 SNOW/ ICE,SNOW/ ICE,Wintery Mix
532 SNOW/BLOWING SNOW,SNOW/BLOWING SNOW,Wintery Mix
420 SNOW/COLD,SNOW/COLD,Wintery Mix
432 SNOW/FREEZING RAIN,SNOW/FREEZING RAIN,Wintery Mix
269 SNOW/HEAVY SNOW,SNOW/HEAVY SNOW,Wintery Mix
524 SNOW/HIGH WINDS,SNOW/HIGH WINDS,Wintery Mix
7 SNOW/ICE,SNOW/ICE,Wintery Mix
404 SNOW/ICE STORM,SNOW/ICE STORM,Wintery Mix
328 SNOW/RAIN,SNOW/RAIN,Wintery Mix
199 SNOW/RAIN/SLEET,SNOW/RAIN/SLEET,Wintery Mix
431 SNOW/SLEET,SNOW/SLEET,Wintery Mix
241 SNOW/SLEET/FREEZING RAIN,SNOW/SLEET/FREEZING RAIN,Wintery Mix
559 SNOW/SLEET/RAIN,SNOW/SLEET/RAIN,Wintery Mix
571 SNOW\COLD,SNOW\COLD,Wintery Mix
574 SNOWFALL RECORD,SNOWFALL RECORD,Wintery Mix
293 SNOWSTORM,SNOWSTORM,Wintery Mix
234 THUNDERSNOW,THUNDERSNOW,Wintery Mix
784 Thundersnow shower,Thundersnow shower,Wintery Mix
942 UNUSUALLY LATE SNOW,UNUSUALLY LATE SNOW,Wintery Mix
394 WET SNOW,WET SNOW,Wintery Mix
572 WINTER MIX,WINTER MIX,Wintery Mix
8 WINTER STORM,WINTER STORM,Wintery Mix
119 WINTER STORM HIGH WINDS,WINTER STORM HIGH WINDS,Wintery Mix
101 WINTER STORM/HIGH WIND,WINTER STORM/HIGH WIND,Wintery Mix
102 WINTER STORM/HIGH WINDS,WINTER STORM/HIGH WINDS,Wintery Mix
121 WINTER STORMS,WINTER STORMS,Wintery Mix
188 WINTER WEATHER,WINTER WEATHER,Wintery Mix
657 Winter Weather,Winter Weather,Wintery Mix
934 WINTER WEATHER MIX,WINTER WEATHER MIX,Wintery Mix
961 WINTER WEATHER/MIX,WINTER WEATHER/MIX,Wintery Mix
847 WINTERY MIX,WINTERY MIX,Wintery Mix
187 WINTRY MIX,WINTRY MIX,Wintery Mix
641 Wintry Mix,Wintry Mix,Wintery Mix
801 Wintry mix,Wintry mix,Wintery Mix
684 Black Ice,Black Ice,Wintery Mix
790 BLACK ICE,BLACK ICE,Wintery Mix
